Number of stem cells,Photoreceptor activity,,
116,60,,
117,67,,0.9344650306
120,64,,38.25889252
1,8,,23.42912311
52,13,,0.572251176
79,63,,-2.248716597
109,63,,
27,2,,
85,46,,
51,27,,
78,43,,
55,24,,
26,10,,
39,28,,
107,56,,